蒋良孝,YixingChen
蒋良孝,YixingChen
蒋良孝,smileyuaner
蒋良孝,smileyuaner
蒋良孝,记忆格式化mooc21
蒋良孝,东北望射狮射猴射天狗1991
蒋良孝,东北望射狮射猴射天狗1991
蒋良孝,数值071870166刘增强
蒋良孝,gao1
蒋良孝,gao1
gao1,gao1
gao1,李钧涛-河南师范大学
蒋良孝,mooc71699920552666252
mooc65657679429397784,mooc65657679429397784
mooc65657679429397784,mooc65657679429397784
18093786821163com,明天的阳光mooc5
18093786821163com,明天的阳光mooc5
蒋良孝,明天的阳光mooc5
蒋良孝,ykt1467344505666
蒋良孝,wwmooc297
蒋良孝,曾小粤
蒋良孝,曾小粤
蒋良孝,201630720
星沉大海ykt1511589675243,星沉大海ykt1511589675243
星沉大海ykt1511589675243,星沉大海ykt1511589675243
蒋良孝,学不完csharp不改名
蒋良孝,学不完csharp不改名
17二学位_53_刘宜衡,学不完csharp不改名
蒋良孝,皇阿玛mooc21
蒋良孝,皇阿玛mooc21
99because,普瑯
99because,普瑯
linuxzfp,普瑯
linuxzfp,普瑯
smileyuaner,蒋良孝
smileyuaner,蒋良孝
55170328胡彪,蒋良孝
wuwenbin0513,蒋良孝
落叶雨vs执念,linuxzfp
