张峰的天狗,samuelsg
张峰的天狗,samuelsg
透射电子显微镜mooc,samuelsg
东方之舟,李俊热爱学习
西西mooc10,谌欣来
西西mooc10,谌欣来
谌欣来,谌欣来
梦回丽卡,梦回丽卡
梦回丽卡,梦回丽卡
西西mooc10,孜孜不倦mooc15
东方之舟,ljlei1980
东方之舟,林龙杰mooc22
东方之舟,林龙杰mooc22
东方之舟,mooc1535994962389
白童童,白童童
白童童,白童童
xktesla,16班杨阁文
xktesla,16班杨阁文
16班杨阁文,16班杨阁文
勿与俗同.,杨洲洲
whoareyoumooc43,whoareyoumooc43
whoareyoumooc43,whoareyoumooc43
whoareyoumooc43,whoareyoumooc43
xd-zlx14-齐淼20009102042,whoareyoumooc43
泠慈,青野乾朔
陈冬升,mooc1533355248027
东方之舟,谭俊娇
东方之舟,谢媛-MOOC
念火,上无止境mooc
谌欣来,谌欣来
东方之舟,临床-余一凡-2019级
东方之舟,RAINBOW28
东方之舟,柠檬你好酸
东方之舟,mooc251mgwgd
东方之舟,HZAU_Mcy
东方之舟,管相娥
XCU20201010,谌欣来
XCU20201010,谌欣来
东方之舟,谌欣来
东方之舟,谌欣来
东方之舟,whoareyoumooc43
东方之舟,whoareyoumooc43
whoareyoumooc43,whoareyoumooc43
东方之舟,瑞士糖mooc7
东方之舟,JenLgd
东方之舟,JenLgd
东方之舟,mooc73090387975491847
东方之舟,mooc46314553074781154
东方之舟,伯齐爸爸
东方之舟,伯齐爸爸
舞阳阑,20181401249代振南
舞阳阑,20181401249代振南
东方之舟,20181401249代振南
东方之舟,Liu能学
东方之舟,Liu能学
Nanika,Liu能学
谢媛-MOOC,Liu能学
谢媛-MOOC,Liu能学
Famemooc12,Famemooc12
Famemooc12,Famemooc12
东方之舟,Liu能学
东方之舟,一坨蟹子寿司
东方之舟,一坨蟹子寿司
哔哩老王,山河依旧在
哔哩老王,山河依旧在
东方之舟,山河依旧在
东方之舟,ycy66ds
东方之舟,mooc1535807225995
东方之舟,mooc1535807225995
东方之舟,落雁mooc3
东方之舟,山河依旧在
东方之舟,山河依旧在
东方之舟,王迪-4905
东方之舟,王迪-4905
哔哩老王,既见君子云狐不喜
哔哩老王,既见君子云狐不喜
东方之舟,既见君子云狐不喜
东方之舟,既见君子云狐不喜
谢媛-MOOC,既见君子云狐不喜
东方之舟,20181401249代振南
东方之舟,俄众博
东方之舟,俄众博
东方之舟,俄众博
东方之舟,学霸不是我mooc
东方之舟,诗音mooc1
东方之舟,诗音mooc1
诗音mooc1,诗音mooc1
东方之舟,20181401249代振南
东方之舟,20181401249代振南
东方之舟,包子理
东方之舟,mooc1524625470709
东方之舟,mooc1524625470709
东方之舟,mooc65234155171089751
东方之舟,mooc65234155171089751
东方之舟,17级生科二班张海卓
东方之舟,17级生科二班张海卓
东方之舟,16班杨阁文
16班杨阁文,16班杨阁文
16班杨阁文,16班杨阁文
谢媛-MOOC,mcspurs
谢媛-MOOC,mcspurs
mooc69290120301068825,mcspurs
东方之舟,生命科学学院王俞娜151314066
林龙杰mooc22,生命科学学院王俞娜151314066
林龙杰mooc22,生命科学学院王俞娜151314066
生命科学学院王俞娜151314066,生命科学学院王俞娜151314066
生命科学学院王俞娜151314066,生命科学学院王俞娜151314066
hwh2552163com,生命科学学院王俞娜151314066
生命科学学院王俞娜151314066,生命科学学院王俞娜151314066
生命科学学院王俞娜151314066,生命科学学院王俞娜151314066
云mooc693,云mooc693
云mooc693,云mooc693
Liu能学,海山2号
东方之舟,生技1171郑晨禧
东方之舟,mooc68365689006433340
东方之舟,mooc68365689006433340
mooc1536767505865,mooc1536767505865
mooc1536767505865,mooc1536767505865
东方之舟,mooc68365689006433340
林龙杰mooc22,whoareyoumooc43
林龙杰mooc22,whoareyoumooc43
whoareyoumooc43,whoareyoumooc43
whoareyoumooc43,whoareyoumooc43
泠慈,whoareyoumooc43
东方之舟,暖mooc274
东方之舟,mooc76982555729566720
东方之舟,mooc76982555729566720
mooc43680864252108407,mooc43680864252108407
mooc43680864252108407,mooc43680864252108407
东方之舟,mooc12771581804156469
东方之舟,mooc42056312536204026
东方之舟,mooc11936314571596922
东方之舟,mooc11936314571596922
东方之舟,mooc11936314571596922
东方之舟,什么昵称不被占用
东方之舟,小翅膀-徐
yy-Estelle,happiness信使
yy-Estelle,happiness信使
無訫cc,happiness信使
無訫cc,happiness信使
东方之舟,华生mooc19
东方之舟,华生mooc19
芝麻小丸子,雨湿紫花
东方之舟,mooc251mgwgd
东方之舟,啦啦啦大米粒子
东方之舟,啦啦啦大米粒子
东方之舟,JiaYuAlice
东方之舟,李慧巧
东方之舟,李慧巧
陈冬升,李慧巧
yy-Estelle,mooc251mgwgd
yy-Estelle,mooc251mgwgd
东方之舟,mooc251mgwgd
东方之舟,mooc251mgwgd
东方之舟,海阔天空nj
东方之舟,梦想飞翔mooc1456689614915
东方之舟,yanhong69
东方之舟,njnu09150227
东方之舟,SinYita
东方之舟,SinYita
Liu能学,SinYita
mooc76256425342424618,顾捷成170310108
mooc76256425342424618,顾捷成170310108
东方之舟,顾捷成170310108
东方之舟,mooc251mgwgd
东方之舟,mooc251mgwgd
东方之舟,Agaveman
东方之舟,Agaveman
东方之舟,mooc251mgwgd
东方之舟,mooc251mgwgd
东方之舟,雪mooc803
东方之舟,雪mooc803
东方之舟,大婷儿mooc1
东方之舟,大婷儿mooc1
东方之舟,mooc1507704497147
东方之舟,mooc64079941847273009
东方之舟,mooc64079941847273009
东方之舟,钟晓霞 20181605330128
东方之舟,钟晓霞 20181605330128
东方之舟,2018151621067彭光杰
东方之舟,2018151621067彭光杰
东方之舟,mooc39749753040648183
东方之舟,mooc39749753040648183
东方之舟,花泽菠菜mooc
东方之舟,wkovacs
东方之舟,mooc76373888492404684
东方之舟,mooc76373888492404684
mooc1533355248027,mooc76373888492404684
mooc1533355248027,mooc76373888492404684
东方之舟,mooc76373888492404684
林龙杰mooc22,mooc76373888492404684
林龙杰mooc22,mooc76373888492404684
东方之舟,njnu09150227
东方之舟,njnu09150227
东方之舟,惊蛰0
無訫cc,我意南风
無訫cc,我意南风
东方之舟,我意南风
东方之舟,mooc41541050290505302
东方之舟,李慧巧
东方之舟,李慧巧
东方之舟,临床五年类180216余琬嵘
东方之舟,临床五年类180216余琬嵘
mooc64473410001217051,mooc64473410001217051
mooc64473410001217051,mooc64473410001217051
东方之舟,zjj95598
东方之舟,zjj95598
东方之舟,落雁mooc3
东方之舟,海山2号
东方之舟,海山2号
Panzerleader,顾捷成170310108
Panzerleader,顾捷成170310108
东方之舟,顾捷成170310108
东方之舟,青野乾朔
我要上哈佛大学,我要上哈佛大学
我要上哈佛大学,我要上哈佛大学
东方之舟,海阔天空nj
东方之舟,我要上哈佛大学
东方之舟,应景归尘
jsnu16077136,mooc1536545048814
jsnu16077136,mooc1536545048814
Liu能学,mooc1536545048814
Liu能学,mooc1536545048814
莫问mooc65,莫问mooc65
莫问mooc65,莫问mooc65
东方之舟,莫问mooc65
东方之舟,千秋mooc39
东方之舟,师大17级125班201726602004
东方之舟,师大17级125班201726602004
师大17级125班201726602004,师大17级125班201726602004
东方之舟,王翠英mooc
东方之舟,千秋mooc39
东方之舟,雨湿紫花
东方之舟,雨湿紫花
陈冬升,雨湿紫花
陈冬升,雨湿紫花
东方之舟,雨湿紫花
东方之舟,雨湿紫花
东方之舟,雨湿紫花
东方之舟,姜昭辰18110104
东方之舟,龙居士
XenoDj,顾捷成170310108
XenoDj,顾捷成170310108
东方之舟,Victorr
东方之舟,mooc64473410001217051
ykt1530843209080,mooc1536545048814
ykt1530843209080,mooc1536545048814
东方之舟,雨湿紫花
秦子伊,顾捷成170310108
秦子伊,顾捷成170310108
东方之舟,Lanpaz
东方之舟,mooc10168754199472133
东方之舟,破茧幻化成蝶mooc27
东方之舟,骑月钓星
东方之舟,姵榕
东方之舟,姵榕
东方之舟,qhu1540301021
东方之舟,雨湿紫花
东方之舟,missingmooc109
东方之舟,missingmooc109
东方之舟,mooc39387639354760419
东方之舟,买火车的小女孩
东方之舟,20研二班张宏
东方之舟,20研二班张宏
郭和熙201726602017,20研二班张宏
mooc1496581700091,mooc1496581700091
mooc1496581700091,mooc1496581700091
mooc1496581700091,mooc1496581700091
东方之舟,mcspurs
东方之舟,mcspurs
东方之舟,誌彣
东方之舟,誌彣
东方之舟,四眼斑龟教学
东方之舟,四眼斑龟教学
东方之舟,四眼斑龟教学
东方之舟,周袁媛
东方之舟,mooc1519634239112
东方之舟,圆佛寂寺
东方之舟,优雅mooc39
东方之舟,优雅mooc39
优雅mooc39,优雅mooc39
东方之舟,Clover猎聘顾问
东方之舟,一只受虐的生物雪茄
东方之舟,向右转mooc1
东方之舟,骑月钓星
li-mai,骑月钓星
li-mai,骑月钓星
骑月钓星,骑月钓星
东方之舟,shengmingkexueli163com
东方之舟,shengmingkexueli163com
东方之舟,制药81汪小龙2183410474-dxf
东方之舟,制药81汪小龙2183410474-dxf
54lx,制药81汪小龙2183410474-dxf
54lx,制药81汪小龙2183410474-dxf
林龙杰mooc22,甫亮
林龙杰mooc22,甫亮
东方之舟,甫亮
东方之舟,甫亮
jsnu16077136,甫亮
jsnu16077136,甫亮
西农动科176何礼邦2017010737,甫亮
西农动科176何礼邦2017010737,甫亮
li-mai,甫亮
li-mai,甫亮
mooc1536545048814,mooc1536545048814
mooc1536545048814,mooc1536545048814
东方之舟,王林夕王奇
东方之舟,王林夕王奇
东方之舟,王林夕王奇
东方之舟,圆佛寂寺
东方之舟,圆佛寂寺
the side,圆佛寂寺
东方之舟,圆佛寂寺
东方之舟,圆佛寂寺
林龙杰mooc22,圆佛寂寺
林龙杰mooc22,圆佛寂寺
mooc39443806561294492,圆佛寂寺
东方之舟,誌彣
东方之舟,誌彣
东方之舟,誌彣
誌彣,誌彣
东方之舟,誌彣
东方之舟,誌彣
俄众博,誌彣
东方之舟,cellstudy
东方之舟,誌彣
东方之舟,誌彣
Panzerleader,誌彣
Panzerleader,誌彣
54lx,誌彣
54lx,誌彣
moochaar,誌彣
moochaar,誌彣
某某mooc109,誌彣
某某mooc109,誌彣
林龙杰mooc22,吾木沉香
林龙杰mooc22,吾木沉香
mooc45235294495398980,吾木沉香
mooc45235294495398980,吾木沉香
li-mai,吾木沉香
li-mai,吾木沉香
小赫本人,吾木沉香
jsnu16077136,ArinHu
jsnu16077136,ArinHu
yy-Estelle,ArinHu
yy-Estelle,ArinHu
徐苗苗666,ArinHu
徐苗苗666,ArinHu
hwh2552163com,ArinHu
hwh2552163com,ArinHu
17水族赵鑫,ArinHu
17水族赵鑫,ArinHu
james_Maxwell,ArinHu
james_Maxwell,ArinHu
生科-汪源,ArinHu
生科-汪源,ArinHu
wkovacs,ArinHu
念火,ArinHu
念火,ArinHu
上无止境mooc,ArinHu
上无止境mooc,ArinHu
上无止境mooc,ArinHu
南山公子,ArinHu
南山公子,ArinHu
徐苗苗666,ArinHu
徐苗苗666,ArinHu
山河依旧在,ArinHu
山河依旧在,ArinHu
小北mooc142,ArinHu
小北mooc142,ArinHu
覃斯婕,ArinHu
覃斯婕,ArinHu
mooc1524625470709,ArinHu
mooc1524625470709,ArinHu
橙色晚樱,ArinHu
橙色晚樱,ArinHu
yanhong69,ArinHu
yanhong69,ArinHu
好好学习啊HTH,ArinHu
好好学习啊HTH,ArinHu
mooc42165351451298114,ArinHu
mooc42165351451298114,ArinHu
G-DKY,ArinHu
G-DKY,ArinHu
信煊煊得永生,ArinHu
信煊煊得永生,ArinHu
UNIX10,ArinHu
mooc1536575384309,ArinHu
mooc1536575384309,ArinHu
路句句特洛伊,ArinHu
路句句特洛伊,ArinHu
mooc64473410001217051,ArinHu
mooc64473410001217051,ArinHu
应景归尘,ArinHu
marugenyan,朱加琳
marugenyan,朱加琳
yy-Estelle,朱加琳
yy-Estelle,朱加琳
徐苗苗666,朱加琳
徐苗苗666,朱加琳
SinYita,朱加琳
SinYita,朱加琳
17水族赵鑫,朱加琳
17水族赵鑫,朱加琳
james_Maxwell,朱加琳
james_Maxwell,朱加琳
好好学习啊HTH,朱加琳
好好学习啊HTH,朱加琳
哔哩老王,朱加琳
郑海倩,朱加琳
郑海倩,朱加琳
jsnu16077136,朱加琳
jsnu16077136,朱加琳
Nanika,朱加琳
Nanika,朱加琳
橙色晚樱,朱加琳
橙色晚樱,朱加琳
念火,朱加琳
念火,朱加琳
上无止境mooc,朱加琳
上无止境mooc,朱加琳
上无止境mooc,朱加琳
徐苗苗666,朱加琳
徐苗苗666,朱加琳
信煊煊得永生,朱加琳
信煊煊得永生,朱加琳
UNIX10,朱加琳
UNIX10,朱加琳
mooc64473410001217051,朱加琳
mooc64473410001217051,朱加琳
hwh2552163com,朱加琳
hwh2552163com,朱加琳
mooc1524625470709,朱加琳
mooc1524625470709,朱加琳
16班杨阁文,朱加琳
16班杨阁文,朱加琳
synchronicitymooc,朱加琳
synchronicitymooc,朱加琳
墨韵mooc11,朱加琳
B5CM201815250523汪江徽,朱加琳
marugenyan,ArinHu
marugenyan,ArinHu
mooc68233107067927650,ArinHu
mooc68233107067927650,ArinHu
yy-Estelle,ArinHu
yy-Estelle,ArinHu
SinYita,ArinHu
SinYita,ArinHu
好好学习啊HTH,ArinHu
好好学习啊HTH,ArinHu
17水族赵鑫,ArinHu
17水族赵鑫,ArinHu
哔哩老王,ArinHu
哔哩老王,ArinHu
谢媛-MOOC,ArinHu
郑海倩,ArinHu
郑海倩,ArinHu
念火,ArinHu
念火,ArinHu
yanhong69,ArinHu
yanhong69,ArinHu
上无止境mooc,ArinHu
上无止境mooc,ArinHu
Nanika,ArinHu
Nanika,ArinHu
山河依旧在,ArinHu
山河依旧在,ArinHu
覃斯婕,ArinHu
覃斯婕,ArinHu
ycy66ds,ArinHu
徐苗苗666,ArinHu
徐苗苗666,ArinHu
mooc1524625470709,ArinHu
mooc1524625470709,ArinHu
heqixin0503126com,ArinHu
heqixin0503126com,ArinHu
mooc42165351451298114,ArinHu
mooc42165351451298114,ArinHu
mcspurs,ArinHu
mcspurs,ArinHu
何清欢i,ArinHu
何清欢i,ArinHu
mooc-DEEPING,ArinHu
mooc-DEEPING,ArinHu
mooc1536575384309,ArinHu
生科-汪源,ArinHu
生科-汪源,ArinHu
17671447446csh,ArinHu
17671447446csh,ArinHu
顾捷成170310108,ArinHu
顾捷成170310108,ArinHu
墨韵mooc11,ArinHu
墨韵mooc11,ArinHu
四眼斑龟教学,ArinHu
四眼斑龟教学,ArinHu
FAFU3155002044,ArinHu
FAFU3155002044,ArinHu
mooc1536575384309,ArinHu
mooc1536575384309,ArinHu
mooc42165351451298114,ArinHu
101黄成膺173,ArinHu
101黄成膺173,ArinHu
李昊宸Jimmy,ArinHu
李昊宸Jimmy,ArinHu
李昊宸Jimmy,ArinHu
mooc39368658391322664,ArinHu
mooc39368658391322664,ArinHu
marugenyan,JuniorSky
marugenyan,JuniorSky
好好学习啊HTH,JuniorSky
好好学习啊HTH,JuniorSky
徐苗苗666,JuniorSky
徐苗苗666,JuniorSky
SinYita,JuniorSky
SinYita,JuniorSky
17水族赵鑫,JuniorSky
17水族赵鑫,JuniorSky
原离,JuniorSky
原离,JuniorSky
林龙杰mooc22,JuniorSky
林龙杰mooc22,JuniorSky
谢媛-MOOC,JuniorSky
yanhong69,JuniorSky
yanhong69,JuniorSky
上无止境mooc,JuniorSky
上无止境mooc,JuniorSky
Nanika,JuniorSky
Nanika,JuniorSky
覃斯婕,JuniorSky
覃斯婕,JuniorSky
E3泛素连接酶,JuniorSky
E3泛素连接酶,JuniorSky
mooc64473410001217051,JuniorSky
mooc64473410001217051,JuniorSky
Anne爱学习耶,JuniorSky
Anne爱学习耶,JuniorSky
午夜电台房小布,JuniorSky
mooc-DEEPING,JuniorSky
mooc-DEEPING,JuniorSky
heqixin0503126com,JuniorSky
heqixin0503126com,JuniorSky
生科-汪源,JuniorSky
生科-汪源,JuniorSky
韦尔奇1,JuniorSky
韦尔奇1,JuniorSky
17671447446csh,JuniorSky
17671447446csh,JuniorSky
顾捷成170310108,JuniorSky
顾捷成170310108,JuniorSky
应景归尘,JuniorSky
应景归尘,JuniorSky
墨韵mooc11,JuniorSky
信煊煊得永生,JuniorSky
信煊煊得永生,JuniorSky
dangelhao163com,JuniorSky
dangelhao163com,JuniorSky
SQ2017生科靳志远170914003,ArinHu
SQ2017生科靳志远170914003,ArinHu
yy-Estelle,ArinHu
yy-Estelle,ArinHu
好好学习啊HTH,ArinHu
好好学习啊HTH,ArinHu
17水族赵鑫,ArinHu
17水族赵鑫,ArinHu
原离,ArinHu
原离,ArinHu
AsOnemooc2,ArinHu
AsOnemooc2,ArinHu
泠慈,ArinHu
泠慈,ArinHu
橙色晚樱,ArinHu
mooc1535994962389,ArinHu
mooc1535994962389,ArinHu
hwh2552163com,ArinHu
hwh2552163com,ArinHu
武生院生物工程张淼,ArinHu
武生院生物工程张淼,ArinHu
郑海倩,ArinHu
郑海倩,ArinHu
jsnu16077136,ArinHu
jsnu16077136,ArinHu
念火,ArinHu
念火,ArinHu
yanhong69,ArinHu
yanhong69,ArinHu
上无止境mooc,ArinHu
午夜电台房小布,ArinHu
午夜电台房小布,ArinHu
hwh2552163com,ArinHu
hwh2552163com,ArinHu
mooc42663545366591271,ArinHu
mooc42663545366591271,ArinHu
synchronicitymooc,ArinHu
synchronicitymooc,ArinHu
mooc64473410001217051,ArinHu
mooc64473410001217051,ArinHu
hwh2552163com,ArinHu
mooc1524625470709,ArinHu
mooc1524625470709,ArinHu
徐苗苗666,ArinHu
徐苗苗666,ArinHu
生科-汪源,ArinHu
生科-汪源,ArinHu
郭佳欣16404027,ArinHu
郭佳欣16404027,ArinHu
不捉老鼠的猫mooc,ArinHu
不捉老鼠的猫mooc,ArinHu
呆萌小个儿,ArinHu
呆萌小个儿,ArinHu
韦尔奇1,ArinHu
韦尔奇1,ArinHu
顾捷成170310108,ArinHu
顾捷成170310108,ArinHu
生科-汪源,ArinHu
Panzerleader,ArinHu
Panzerleader,ArinHu
墨韵mooc11,ArinHu
墨韵mooc11,ArinHu
FAFU3155002044,ArinHu
FAFU3155002044,ArinHu
郑海倩,ArinHu
郑海倩,ArinHu
yy-Estelle,ArinHu
yy-Estelle,ArinHu
happiness信使,ArinHu
happiness信使,ArinHu
mooc42165351451298114,ArinHu
mooc42165351451298114,ArinHu
UNIX10,ArinHu
UNIX10,ArinHu
dangelhao163com,ArinHu
j-mooker,ArinHu
j-mooker,ArinHu
徐涛XuTao,ArinHu
徐涛XuTao,ArinHu
顾捷成170310108,ArinHu
顾捷成170310108,ArinHu
mooc1536767505865,ArinHu
mooc1536767505865,ArinHu
李昊宸Jimmy,ArinHu
李昊宸Jimmy,ArinHu
李昊宸Jimmy,ArinHu
101黄成膺173,ArinHu
101黄成膺173,ArinHu
101黄成膺173,ArinHu
mooc39368658391322664,ArinHu
mooc39368658391322664,ArinHu
mooc39368658391322664,ArinHu
mooc39368658391322664,ArinHu
李昊宸Jimmy,ArinHu
李昊宸Jimmy,ArinHu
李昊宸Jimmy,ArinHu
101黄成膺173,ArinHu
101黄成膺173,ArinHu
marugenyan,ArinHu
marugenyan,ArinHu
SQ2017生科靳志远170914003,ArinHu
SQ2017生科靳志远170914003,ArinHu
james_Maxwell,ArinHu
james_Maxwell,ArinHu
生技161–包鑫桧,ArinHu
生技161–包鑫桧,ArinHu
徐苗苗666,ArinHu
徐苗苗666,ArinHu
好好学习啊HTH,ArinHu
好好学习啊HTH,ArinHu
林龙杰mooc22,ArinHu
林龙杰mooc22,ArinHu
谢媛-MOOC,ArinHu
郑海倩,ArinHu
郑海倩,ArinHu
念火,ArinHu
念火,ArinHu
上无止境mooc,ArinHu
上无止境mooc,ArinHu
Nanika,ArinHu
Nanika,ArinHu
覃斯婕,ArinHu
覃斯婕,ArinHu
中医老刘007,ArinHu
中医老刘007,ArinHu
james_Maxwell,ArinHu
james_Maxwell,ArinHu
Anne爱学习耶,ArinHu
E3泛素连接酶,ArinHu
E3泛素连接酶,ArinHu
mcspurs,ArinHu
mcspurs,ArinHu
Beyondmooc142,ArinHu
Beyondmooc142,ArinHu
happiness信使,ArinHu
happiness信使,ArinHu
mooc1536575384309,ArinHu
mooc1536575384309,ArinHu
临床811班颜琦湦2185324567,ArinHu
临床811班颜琦湦2185324567,ArinHu
heqixin0503126com,ArinHu
heqixin0503126com,ArinHu
郭佳欣16404027,ArinHu
missingmooc109,ArinHu
missingmooc109,ArinHu
mooc42165351451298114,ArinHu
mooc42165351451298114,ArinHu
yy-Estelle,ArinHu
yy-Estelle,ArinHu
101黄成膺173,ArinHu
101黄成膺173,ArinHu
101黄成膺173,ArinHu
李昊宸Jimmy,ArinHu
李昊宸Jimmy,ArinHu
李昊宸Jimmy,ArinHu
mooc39368658391322664,ArinHu
mooc39368658391322664,ArinHu
mooc39368658391322664,ArinHu
101黄成膺173,ArinHu
101黄成膺173,ArinHu
mooc39368658391322664,ArinHu
mooc39368658391322664,ArinHu
mooc39368658391322664,ArinHu
四眼斑龟教学,ArinHu
四眼斑龟教学,ArinHu
101黄成膺173,ArinHu
101黄成膺173,ArinHu
李昊宸Jimmy,ArinHu
李昊宸Jimmy,ArinHu
李昊宸Jimmy,ArinHu
mooc39368658391322664,ArinHu
mooc39368658391322664,ArinHu
今天我也在学习鸭,ArinHu
101黄成膺173,ArinHu
101黄成膺173,ArinHu
101黄成膺173,ArinHu
mooc39368658391322664,ArinHu
mooc39368658391322664,ArinHu
顾捷成170310108,ArinHu
顾捷成170310108,ArinHu
陆棹欣,ArinHu
陆棹欣,ArinHu
mooc1536575384309,ArinHu
mooc1536575384309,ArinHu
信煊煊得永生,ArinHu
信煊煊得永生,ArinHu
什么昵称不能被占用,ArinHu
什么昵称不能被占用,ArinHu
mooc39368658391322664,ArinHu
mooc39368658391322664,ArinHu
原离,ArinHu
原离,ArinHu
marugenyan,ArinHu
marugenyan,ArinHu
SQ2017生科靳志远170914003,ArinHu
SQ2017生科靳志远170914003,ArinHu
青野乾朔,ArinHu
青野乾朔,ArinHu
王小容mooc,ArinHu
王小容mooc,ArinHu
17水族赵鑫,ArinHu
17水族赵鑫,ArinHu
mooc45235294495398980,ArinHu
mooc45235294495398980,ArinHu
舞阳阑,ArinHu
舞阳阑,ArinHu
林龙杰mooc22,ArinHu
mooc1535994962389,ArinHu
mooc1535994962389,ArinHu
郑海倩,ArinHu
郑海倩,ArinHu
jsnu16077136,ArinHu
jsnu16077136,ArinHu
念火,ArinHu
念火,ArinHu
mooc43291564347197815,ArinHu
mooc43291564347197815,ArinHu
yanhong69,ArinHu
yanhong69,ArinHu
上无止境mooc,ArinHu
上无止境mooc,ArinHu
山河依旧在,ArinHu
mooc41542176565288510,ArinHu
mooc41542176565288510,ArinHu
斐然季,ArinHu
斐然季,ArinHu
黄中昱,ArinHu
黄中昱,ArinHu
mooc42663545366591271,ArinHu
mooc42663545366591271,ArinHu
synchronicitymooc,ArinHu
synchronicitymooc,ArinHu
mooc64473410001217051,ArinHu
mooc64473410001217051,ArinHu
mooc68233107067927650,ArinHu
mooc68233107067927650,ArinHu
hwh2552163com,ArinHu
mooc13029209428320885,ArinHu
mooc13029209428320885,ArinHu
happiness信使,ArinHu
happiness信使,ArinHu
mooc1536656050892,ArinHu
mooc1536656050892,ArinHu
陈冬升,ArinHu
陈冬升,ArinHu
临床811班颜琦湦2185324567,ArinHu
临床811班颜琦湦2185324567,ArinHu
heqixin0503126com,ArinHu
heqixin0503126com,ArinHu
史宇博,ArinHu
史宇博,ArinHu
郭佳欣16404027,ArinHu
烟雨云窈,ArinHu
烟雨云窈,ArinHu
应景归尘,ArinHu
应景归尘,ArinHu
mooc42165351451298114,ArinHu
mooc42165351451298114,ArinHu
生科-汪源,ArinHu
生科-汪源,ArinHu
xhyuanc,ArinHu
xhyuanc,ArinHu
yy-Estelle,ArinHu
yy-Estelle,ArinHu
frank4869,ArinHu
frank4869,ArinHu
101黄成膺173,ArinHu
顾捷成170310108,ArinHu
顾捷成170310108,ArinHu
李昊宸Jimmy,ArinHu
李昊宸Jimmy,ArinHu
李昊宸Jimmy,ArinHu
101黄成膺173,ArinHu
101黄成膺173,ArinHu
101黄成膺173,ArinHu
mooc39368658391322664,ArinHu
mooc39368658391322664,ArinHu
mooc39368658391322664,ArinHu
陈亚房,ArinHu
陈亚房,ArinHu
dangelhao163com,ArinHu
dangelhao163com,ArinHu
mooc1536767505865,ArinHu
mooc1536767505865,ArinHu
linfang0524,ArinHu
linfang0524,ArinHu
李昊宸Jimmy,ArinHu
李昊宸Jimmy,ArinHu
李昊宸Jimmy,ArinHu
mooc73004230462064433,ArinHu
mooc73004230462064433,ArinHu
101黄成膺173,ArinHu
101黄成膺173,ArinHu
101黄成膺173,ArinHu
啦啦啦wjr,ArinHu
啦啦啦wjr,ArinHu
mooc39368658391322664,ArinHu
倒转流年mooc,ArinHu
倒转流年mooc,ArinHu
mooc39368658391322664,ArinHu
mooc39368658391322664,ArinHu
mooc39368658391322664,ArinHu
呆萌小个儿,ArinHu
呆萌小个儿,ArinHu
li-mai,ArinHu
li-mai,ArinHu
信煊煊得永生,ArinHu
信煊煊得永生,ArinHu
mcspurs,ArinHu
mcspurs,ArinHu
j-mooker,ArinHu
j-mooker,ArinHu
黑龙江农垦红局局直二中李春烨,ArinHu
黑龙江农垦红局局直二中李春烨,ArinHu
moochaar,ArinHu
moochaar,ArinHu
什么昵称不能被占用,ArinHu
什么昵称不能被占用,ArinHu
爱学习的萌喵酱,ArinHu
marugenyan,朱加琳
marugenyan,朱加琳
SQ2017生科靳志远170914003,朱加琳
SQ2017生科靳志远170914003,朱加琳
徐苗苗666,朱加琳
徐苗苗666,朱加琳
17水族赵鑫,朱加琳
17水族赵鑫,朱加琳
XCU20201010,朱加琳
XCU20201010,朱加琳
mooc45235294495398980,朱加琳
mooc45235294495398980,朱加琳
wkovacs,朱加琳
wkovacs,朱加琳
泠慈,朱加琳
mooc43291564347197815,朱加琳
mooc43291564347197815,朱加琳
上无止境mooc,朱加琳
上无止境mooc,朱加琳
覃斯婕,朱加琳
覃斯婕,朱加琳
ycy66ds,朱加琳
ycy66ds,朱加琳
丘山水懿,朱加琳
丘山水懿,朱加琳
中医老刘007,朱加琳
中医老刘007,朱加琳
Anne爱学习耶,朱加琳
Anne爱学习耶,朱加琳
午夜电台房小布,朱加琳
徐苗苗666,朱加琳
徐苗苗666,朱加琳
杨力mooc3,朱加琳
杨力mooc3,朱加琳
E3泛素连接酶,朱加琳
E3泛素连接酶,朱加琳
段居轩,朱加琳
段居轩,朱加琳
mooc1535369060217,朱加琳
mooc1535369060217,朱加琳
早起的小虫子,朱加琳
早起的小虫子,朱加琳
mooc1536575384309,朱加琳
mooc1536575384309,朱加琳
mooc1536575384309,朱加琳
mooc1536575384309,朱加琳
mooc1536575384309,朱加琳
Beyondmooc142,朱加琳
Beyondmooc142,朱加琳
大方芝士,朱加琳
大方芝士,朱加琳
王翠英mooc,朱加琳
王翠英mooc,朱加琳
SinYita,朱加琳
SinYita,朱加琳
烟雨云窈,朱加琳
烟雨云窈,朱加琳
追mooc146,朱加琳
追mooc146,朱加琳
生科-汪源,朱加琳
mooc39368658391322664,朱加琳
mooc39368658391322664,朱加琳
mooc39368658391322664,朱加琳
李昊宸Jimmy,朱加琳
李昊宸Jimmy,朱加琳
李昊宸Jimmy,朱加琳
101黄成膺173,朱加琳
101黄成膺173,朱加琳
101黄成膺173,朱加琳
mooc39368658391322664,朱加琳
mooc39368658391322664,朱加琳
好好学习啊HTH,朱加琳
好好学习啊HTH,朱加琳
101黄成膺173,朱加琳
101黄成膺173,朱加琳
linfang0524,朱加琳
linfang0524,朱加琳
李昊宸Jimmy,朱加琳
李昊宸Jimmy,朱加琳
李昊宸Jimmy,朱加琳
倒转流年mooc,朱加琳
倒转流年mooc,朱加琳
101黄成膺173,朱加琳
101黄成膺173,朱加琳
101黄成膺173,朱加琳
梁牧和mooc,朱加琳
梁牧和mooc,朱加琳
mooc39368658391322664,朱加琳
mooc39368658391322664,朱加琳
黎咲,朱加琳
Lanpaz,朱加琳
Lanpaz,朱加琳
mooc39368658391322664,朱加琳
mooc39368658391322664,朱加琳
mooc39368658391322664,朱加琳
天水师院生物学科161张红芳,朱加琳
天水师院生物学科161张红芳,朱加琳
信煊煊得永生,朱加琳
信煊煊得永生,朱加琳
j-mooker,朱加琳
j-mooker,朱加琳
生物1804胡井泓,朱加琳
生物1804胡井泓,朱加琳
随艺mooc1,朱加琳
随艺mooc1,朱加琳
魔法少年小污喵,朱加琳
魔法少年小污喵,朱加琳
mooc1536667147456,朱加琳
mooc1536667147456,朱加琳
黑龙江农垦红局局直二中李春烨,朱加琳
黑龙江农垦红局局直二中李春烨,朱加琳
dangelhao163com,朱加琳
dangelhao163com,朱加琳
m188953282903,朱加琳
m188953282903,朱加琳
m188953282903,朱加琳
mooc39945138868308851,朱加琳
mooc39945138868308851,朱加琳
1803114146 樊琳琳,朱加琳
1803114146 樊琳琳,朱加琳
1521503726qqcom,朱加琳
1521503726qqcom,朱加琳
李柏宇,朱加琳
李柏宇,朱加琳
陈亚房,朱加琳
陈亚房,朱加琳
xktesla,朱加琳
xktesla,朱加琳
韦尔奇1,朱加琳
韦尔奇1,朱加琳
姜姜_88,朱加琳
mooc1533355248027,陈冬升
mooc251mgwgd,东方之舟
谌欣来,XCU20201010
JenLgd,东方之舟
一坨蟹子寿司,东方之舟
一坨蟹子寿司,东方之舟
16班杨阁文,16班杨阁文
16班杨阁文,16班杨阁文
mooc69290120301068825,mooc69290120301068825
陈文杰3171401050江苏大学,mooc1536767505865
whoareyoumooc43,林龙杰mooc22
mooc11936314571596922,东方之舟
小翅膀-徐,东方之舟
SinYita,Liu能学
mooc251mgwgd,东方之舟
郭佳欣16404027,东方之舟
大婷儿mooc1,东方之舟
mooc45458095037674481,东方之舟
mooc1533355248027,东方之舟
mooc76373888492404684,林龙杰mooc22
mooc64473410001217051,mooc64473410001217051
四眼斑龟教学,东方之舟
海阔天空nj,东方之舟
东方之舟,东方之舟
千秋mooc39,东方之舟
missingmooc109,东方之舟
刘渠安,东方之舟
悠茗子,东方之舟
mooc80987183278376727,东方之舟
mcspurs,东方之舟
四眼斑龟教学,东方之舟
UNIX10,东方之舟
mooc1519634239112,东方之舟
mooc1519634239112,东方之舟
SQ生科160911006苗露,林龙杰mooc22
mooc80987183278376727,林龙杰mooc22
missingmooc109,mooc45235294495398980
归期一月,小赫本人
甫亮,小赫本人
mooc1512593933103,小赫本人
MIT2021,念火
MIT2021,念火
Anne爱学习耶,ycy66ds
爱学习的萌喵酱,FAFU3155002044
j-mooker,墨韵mooc11
UNIX10,dangelhao163com
四眼斑龟教学,dangelhao163com
Anne爱学习耶,中医老刘007
mooc1507704497147,原离
山河依旧在,原离
17水族赵鑫,青野乾朔
mooc45975958740105772,synchronicitymooc
Anne爱学习耶,mooc68233107067927650
向右转mooc1,史宇博
临床811班颜琦湦2185324567,mooc1536575384309
